1,{F01251E5-96A3-448D-981E-0F99D789110D},2014-06-30 00:00:00,295847284,adventure-works\ken0,,,,,,,,,,,,20,29
2,{45E8F437-670D-4409-93CB-F9424A40D6EE},2014-06-30 00:00:00,245797967,adventure-works\terri0,,,,,,,,,,,,22,1
3,{9BBBFB2C-EFBB-4217-9AB7-F97689328841},2014-06-30 00:00:00,509647174,adventure-works\roberto0,,,,,,,,,,,,24,12
4,{59747955-87B8-443F-8ED4-F8AD3AFDF3A9},2014-06-30 00:00:00,112457891,adventure-works\rob0,,,,,,,,,,,,20,23
5,{EC84AE09-F9B8-4A15-B4A9-6CCBAB919B08},2014-06-30 00:00:00,695256908,adventure-works\gail0,,,,,,,,,,,,21,27
6,{E39056F1-9CD5-478D-8945-14ACA7FBDCDD},2014-06-30 00:00:00,998320692,adventure-works\jossef0,,,,,,,,,,,,23,11
7,{4F46DECA-EF01-41FD-9829-0ADAB368E431},2014-06-30 00:00:00,134969118,adventure-works\dylan0,,,,,,,,,,,,22,24
8,{31112635-663B-4018-B4A2-A685C0BF48A4},2014-06-30 00:00:00,811994146,adventure-works\diane1,,,,,,,,,,,,22,5
9,{50B6CDC6-7570-47EF-9570-48A64B5F2ECF},2014-06-30 00:00:00,658797903,adventure-works\gigi0,,,,,,,,,,,,21,21
10,{EAA43680-5571-40CB-AB1A-3BF68F04459E},2014-06-30 00:00:00,879342154,adventure-works\michael6,,,,,,,,,,,,24,30
11,{F68C7C19-FAC1-438C-9BB7-AC33FCC341C3},2014-06-30 00:00:00,974026903,adventure-works\ovidiu0,,,,,,,,,,,,23,17
12,{1D955171-E773-4FAD-8382-40FD898D5D4D},2014-06-30 00:00:00,480168528,adventure-works\thierry0,,,,,,,,,,,,24,29
13,{954B91B6-5AA7-48C2-8685-6E11C6E5C49A},2014-06-30 00:00:00,486228782,adventure-works\janice0,,,,,,,,,,,,23,28
14,{46286CA4-46DD-4DDB-9128-85B67E98D1A9},2014-06-30 00:00:00,42487730,adventure-works\michael8,,,,,,,,,,,,24,16
15,{54F2FDC0-87C4-4065-A7A8-9AC8EA624235},2014-06-30 00:00:00,56920285,adventure-works\sharon0,,,,,,,,,,,,23,2
16,{E87029AA-2CBA-4C03-B948-D83AF0313E28},2014-06-30 00:00:00,24756624,adventure-works\david0,,,,,,,,,,,,22,19
17,{1B480240-95C0-410F-A717-EB29943C8886},2014-06-30 00:00:00,253022876,adventure-works\kevin0,,,,,,,,,,,,22,3
18,{64730415-1F58-4E5B-8FA8-5E4DAEBA53B4},2014-06-30 00:00:00,222969461,adventure-works\john5,,,,,,,,,,,,21,6
19,{1F6DA901-C7F7-48A8-8EEF-D81868D72B52},2014-06-30 00:00:00,52541318,adventure-works\mary2,,,,,,,,,,,,21,29
20,{43CCA446-DA1C-454C-8530-873AD2923E1B},2014-06-30 00:00:00,323403273,adventure-works\wanida0,,,,,,,,,,,,23,17
21,{AD0D7626-4506-45C4-898F-9D7A0E13AABD},2014-06-30 00:00:00,243322160,adventure-works\terry0,,,,,,,,,,,,22,4
22,{AF21F1B7-0691-48AD-B325-B8F2D7B2268A},2014-06-30 00:00:00,95958330,adventure-works\sariya0,,,,,,,,,,,,23,21
23,{90899830-127E-4876-85CA-7F6E03025281},2014-06-30 00:00:00,767955365,adventure-works\mary0,,,,,,,,,,,,21,13
24,{53575C58-FBA1-4C1A-B8FF-95E050B44393},2014-06-30 00:00:00,72636981,adventure-works\jill0,,,,,,,,,,,,21,18
25,{D7314F24-2AF1-429C-9BBB-4038F45F3E6C},2014-06-30 00:00:00,519899904,adventure-works\james1,,,,,,,,,,,,22,7
26,{69D5D162-E817-45E7-9DEC-5D9B8310E7B1},2014-12-26 09:17:08.637000000,277173473,adventure-works\peter0,,,,,,,,,,,,22,3
27,{83FFAAC6-B895-481F-B897-14F965D4DA47},2014-06-30 00:00:00,446466105,adventure-works\jo0,,,,,,,,,,,,19,8
28,{AAE1D04A-C237-4974-B4D5-935247737718},2014-06-30 00:00:00,14417807,adventure-works\guy1,,,,,,,,,,,,20,13
29,{CDB2C6DF-93E5-4558-91C8-424D5E7C658B},2014-06-30 00:00:00,948320468,adventure-works\mark1,,,,,,,,,,,,21,25
30,{FC12677F-42F8-4790-AD69-685088ED7E5F},2014-06-30 00:00:00,410742000,adventure-works\britta0,,,,,,,,,,,,23,28
31,{352D6E2F-655B-49A2-9FEC-EFD7D8CD0D30},2014-06-30 00:00:00,750246141,adventure-works\margie0,,,,,,,,,,,,23,20
32,{BDADEB5C-A596-4DA1-88BA-842C7A0CC10F},2014-06-30 00:00:00,330211482,adventure-works\rebecca0,,,,,,,,,,,,24,10
33,{51FDE6AC-BD50-467C-90E5-10CA7310455C},2014-06-30 00:00:00,801758002,adventure-works\annik0,,,,,,,,,,,,22,26
34,{6ADBD932-0DA5-4F5C-AF67-8E3A53630896},2014-06-30 00:00:00,754372876,adventure-works\suchitra0,,,,,,,,,,,,25,10
35,{CA5D1935-44E2-4C45-93BB-809E59F56796},2014-06-30 00:00:00,999440576,adventure-works\brandon0,,,,,,,,,,,,24,10
36,{9E912556-88BA-41EE-B946-CB84AB4C1102},2014-06-30 00:00:00,788456780,adventure-works\jose0,,,,,,,,,,,,21,31
37,{77B384C7-AFFB-4816-992B-F5B3034EE4FF},2014-06-30 00:00:00,442121106,adventure-works\chris2,,,,,,,,,,,,22,7
38,{891C27F4-28CC-44BB-BEA3-DA5EA7FBE957},2014-06-30 00:00:00,6298838,adventure-works\kim1,,,,,,,,,,,,20,14
39,{8EF22FB3-AF37-4B44-8862-D60A7CB09D82},2014-06-30 00:00:00,461786517,adventure-works\ed0,,,,,,,,,,,,19,11
40,{2CC71B96-F421-485E-9832-8723337749BB},2014-06-30 00:00:00,309738752,adventure-works\jolynn0,,,,,,,,,,,,23,16
41,{4652D4E4-6A27-47ED-9F51-C377E293DA28},2014-06-30 00:00:00,458159238,adventure-works\bryan0,,,,,,,,,,,,22,27
42,{82E52D5A-165B-4C6D-9773-C3A6B6332ECD},2014-06-30 00:00:00,339712426,adventure-works\james0,,,,,,,,,,,,22,25
43,{6B7EB306-9A00-496A-98A9-4E94FE72F77C},2014-06-30 00:00:00,693325305,adventure-works\nancy0,,,,,,,,,,,,22,19
44,{F734D38A-56B5-471E-8DED-A682E958A9B3},2014-06-30 00:00:00,276751903,adventure-works\simon0,,,,,,,,,,,,22,17
45,{8FF3AF67-32F2-4A08-98C3-A40F842D41A3},2014-06-30 00:00:00,500412746,adventure-works\thomas0,,,,,,,,,,,,23,10
46,{33543B35-77DA-4600-A41B-1EAFEA0AD643},2014-06-30 00:00:00,66073987,adventure-works\eugene1,,,,,,,,,,,,23,10
47,{08365B05-C143-4260-A93C-6B69418B1946},2014-06-30 00:00:00,33237992,adventure-works\andrew0,,,,,,,,,,,,23,6
48,{3E3B6905-209E-442E-B8A8-9A0980241C6A},2014-06-30 00:00:00,690627818,adventure-works\ruth0,,,,,,,,,,,,21,4
49,{756A60AE-378F-43D8-9F93-1E821D1EAF52},2014-06-30 00:00:00,912265825,adventure-works\barry0,,,,,,,,,,,,22,26
50,{40D603D9-7F99-48B7-A580-B17CF429BED2},2014-06-30 00:00:00,844973625,adventure-works\sidney0,,,,,,,,,,,,23,30
51,{6E086F41-B81D-4BDC-9F13-0EEC488DC43E},2014-06-30 00:00:00,132674823,adventure-works\jeffrey0,,,,,,,,,,,,24,11
52,{692B8826-03B4-4C3B-82FC-1FC6F1409689},2014-06-30 00:00:00,565090917,adventure-works\doris0,,,,,,,,,,,,22,4
53,{C334B2D2-0C56-4906-9095-F1D07A98CBEC},2014-06-30 00:00:00,9659517,adventure-works\diane0,,,,,,,,,,,,22,29
54,{E950A52A-DF61-4FEC-9063-545664D65B89},2014-06-30 00:00:00,109272464,adventure-works\bonnie0,,,,,,,,,,,,23,10
55,{28F7EF89-2793-4989-B67D-25046543C1E3},2014-06-30 00:00:00,233069302,adventure-works\taylor0,,,,,,,,,,,,23,1
56,{77878C43-F16E-437D-892F-3CFCC0715A0A},2014-06-30 00:00:00,652535724,adventure-works\denise0,,,,,,,,,,,,23,6
57,{B395CD84-77BA-4D3C-A49D-D9E8D6CF100B},2014-06-30 00:00:00,10708100,adventure-works\frank1,,,,,,,,,,,,22,24
58,{65207627-5521-4A8E-AD3C-B2F1B5226B85},2014-06-30 00:00:00,571658797,adventure-works\kendall0,,,,,,,,,,,,24,30
59,{68616AEA-81E5-4940-A7E4-6FBA882BCCF6},2014-06-30 00:00:00,843479922,adventure-works\bob0,,,,,,,,,,,,20,16
60,{1F1D813D-3EDC-4274-8E9B-4519D71685B6},2014-06-30 00:00:00,827686041,adventure-works\pete0,,,,,,,,,,,,21,3
61,{721A2921-C415-46DE-9111-13F25F428B8B},2014-06-30 00:00:00,92096924,adventure-works\diane2,,,,,,,,,,,,22,9
62,{D4ED1F78-7C28-479B-BFEF-A73228BA2AAA},2014-06-30 00:00:00,494170342,adventure-works\john0,,,,,,,,,,,,21,7
63,{3229D93F-6A14-4BAC-ABC5-A91B9ECFB4D3},2014-06-30 00:00:00,414476027,adventure-works\maciej0,,,,,,,,,,,,23,30
64,{492B24BD-BDE9-4371-B96E-CCD72264B91F},2014-06-30 00:00:00,582347317,adventure-works\michael7,,,,,,,,,,,,24,5
65,{9A08108D-E039-4862-8F93-55F18017AD72},2014-06-30 00:00:00,8066363,adventure-works\randy0,,,,,,,,,,,,22,28
66,{08B1BA74-DD80-4FDA-8327-93268B84977B},2014-06-30 00:00:00,834186596,adventure-works\karan0,,,,,,,,,,,,22,7
67,{18187809-5294-474F-85A1-D5BE6BD518D6},2014-06-30 00:00:00,63179277,adventure-works\jay0,,,,,,,,,,,,20,11
68,{CDC11292-DF74-4FB0-8676-5B2AA4687142},2014-06-30 00:00:00,537092325,adventure-works\charles0,,,,,,,,,,,,24,2
69,{12F678D7-EAD3-4CF4-8518-A19AACF2A6D4},2014-06-30 00:00:00,752513276,adventure-works\steve0,,,,,,,,,,,,22,6
70,{FC617BB8-D2A3-4374-873C-8EF38D80127D},2014-06-30 00:00:00,36151748,adventure-works\david2,,,,,,,,,,,,22,29
71,{1AD772D7-7B4A-4A7B-8676-49DD7608CB94},2014-06-30 00:00:00,578935259,adventure-works\michael3,,,,,,,,,,,,24,29
72,{0A8937C9-68AA-4D48-BA4E-B40493D764AA},2014-06-30 00:00:00,443968955,adventure-works\steven0,,,,,,,,,,,,23,14
73,{C76A41F1-A390-4AE4-A82A-2A87764C6391},2014-06-30 00:00:00,138280935,adventure-works\carole0,,,,,,,,,,,,23,19
74,{A942E1E0-2D5E-4858-97C0-947020E96860},2014-06-30 00:00:00,420023788,adventure-works\bjorn0,,,,,,,,,,,,22,6
75,{F359F5B6-5E18-4C62-8531-14D951911CE5},2014-06-30 00:00:00,363996959,adventure-works\michiko0,,,,,,,,,,,,24,27
76,{8D0182A3-5B59-4EEA-9B3C-C7F05DA9A2CE},2014-06-30 00:00:00,227319668,adventure-works\carol0,,,,,,,,,,,,22,17
77,{2EE7914A-62D3-473B-A0E1-E4E55341EC4E},2014-06-30 00:00:00,301435199,adventure-works\merav0,,,,,,,,,,,,22,13
78,{71EEE2A6-B9B3-4BF4-8949-01239DF7C901},2014-06-30 00:00:00,370989364,adventure-works\reuben0,,,,,,,,,,,,23,27
79,{55F62E38-9457-46C8-A824-E46A3117A935},2014-06-30 00:00:00,697712387,adventure-works\eric1,,,,,,,,,,,,21,8
80,{606C21E2-3EC0-48A6-A9FE-6BC8123AC786},2014-06-30 00:00:00,943170460,adventure-works\sandeep0,,,,,,,,,,,,24,3
81,{03A9BA14-0D5B-4671-B851-2C1721EFBF01},2014-06-30 00:00:00,413787783,adventure-works\mihail0,,,,,,,,,,,,23,9
82,{D308D387-F7F3-4B5F-ABDA-FAF5574245CD},2014-06-30 00:00:00,58791499,adventure-works\jack1,,,,,,,,,,,,21,29
83,{296C52AE-169F-4292-975D-C508476DCECF},2014-06-30 00:00:00,988315686,adventure-works\patrick1,,,,,,,,,,,,24,23
84,{9AF24ACC-EA3E-4EFE-B5E3-4762C496D57C},2014-06-30 00:00:00,947029962,adventure-works\frank3,,,,,,,,,,,,22,2
85,{C294F676-CAAF-4924-9730-BC81AE408BE1},2014-06-30 00:00:00,1662732,adventure-works\brian2,,,,,,,,,,,,22,23
86,{10E5BD6F-2B9C-4192-A94D-6A2D50EA1ADB},2014-06-30 00:00:00,769680433,adventure-works\ryan0,,,,,,,,,,,,21,13
87,{5BE16416-8570-417D-9E54-047DB468B5E9},2014-06-30 00:00:00,7201901,adventure-works\cristian0,,,,,,,,,,,,25,11
88,{EBCDBA1C-6C1D-4D36-90F7-1893755C85E3},2014-06-30 00:00:00,294148271,adventure-works\betsy0,,,,,,,,,,,,22,17
89,{D5FBE9E6-B8C5-484C-B4B8-48059E0EF267},2014-06-30 00:00:00,90888098,adventure-works\patrick0,,,,,,,,,,,,24,10
90,{BB886159-1400-4264-B7C9-A3769BEB1274},2014-06-30 00:00:00,82638150,adventure-works\danielle0,,,,,,,,,,,,25,7
91,{CE256B6C-1EEE-43ED-9969-7CAC480FF4D7},2014-06-30 00:00:00,390124815,adventure-works\kimberly0,,,,,,,,,,,,25,13
92,{B3BF7FC5-2014-48CE-B7BB-76124FA8446C},2014-06-30 00:00:00,826454897,adventure-works\tom0,,,,,,,,,,,,20,1
93,{57FB2C0F-B105-49F0-967A-88F3D743CB3F},2014-06-30 00:00:00,778552911,adventure-works\kok-ho0,,,,,,,,,,,,23,28
94,{6B10192F-D570-47C4-82C9-3D979B1EFDC1},2014-06-30 00:00:00,718299860,adventure-works\russell0,,,,,,,,,,,,24,25
95,{6175876E-8FCC-4917-BE06-FC358515E6DF},2014-06-30 00:00:00,674171828,adventure-works\jim0,,,,,,,,,,,,20,8
96,{62A9F73F-6443-4F2F-B864-18186614BFB6},2014-06-30 00:00:00,912141525,adventure-works\elizabeth0,,,,,,,,,,,,26,25
97,{1F0E068A-48C5-40BF-8190-565150EFDADD},2014-06-30 00:00:00,370581729,adventure-works\mandar0,,,,,,,,,,,,23,21
98,{A703169F-1563-488E-914D-D784FD07F29A},2014-06-30 00:00:00,152085091,adventure-works\sameer0,,,,,,,,,,,,23,26
99,{A6089357-2F2F-48CC-AB3C-D9B75A3C09D7},2014-06-30 00:00:00,431859843,adventure-works\nuan0,,,,,,,,,,,,21,29
100,{9B9B768D-7CC1-4DCE-87CB-765AB73A6AFF},2014-06-30 00:00:00,204035155,adventure-works\lolan0,,,,,,,,,,,,22,24
101,{9CE8B2E8-9944-4BA5-97DE-441D8314F161},2014-06-30 00:00:00,153288994,adventure-works\houman0,,,,,,,,,,,,23,30
102,{C75F2740-ACE3-4EBF-91C5-7AB352E1095F},2014-06-30 00:00:00,360868122,adventure-works\zheng0,,,,,,,,,,,,22,26
103,{6C25A32B-88B5-4F84-A129-F7F688DFA588},2014-06-30 00:00:00,455563743,adventure-works\ebru0,,,,,,,,,,,,21,22
104,{6DC9F7D0-5664-4E4A-90F5-7AB85EBB02E6},2014-06-30 00:00:00,717889520,adventure-works\mary1,,,,,,,,,,,,21,19
105,{8B21E53D-E705-479A-B32E-6E63AC2F4BCD},2014-06-30 00:00:00,801365500,adventure-works\kevin2,,,,,,,,,,,,22,19
106,{D4CF23D9-21B6-45E4-827C-22890DF0373B},2014-06-30 00:00:00,561196580,adventure-works\john4,,,,,,,,,,,,21,28
107,{F71C6055-557B-4660-86FF-8C0FA14B24E6},2014-06-30 00:00:00,393421437,adventure-works\christopher0,,,,,,,,,,,,28,1
108,{2BCA07D3-F2AC-4406-904F-E09156F3EB3E},2014-06-30 00:00:00,630184120,adventure-works\jinghao0,,,,,,,,,,,,24,5
109,{7E632B21-0D11-4BBA-8A68-8CAE14C20AE6},2014-06-30 00:00:00,113695504,adventure-works\alice0,,,,,,,,,,,,22,26
110,{9C5F84D1-FB96-4D82-92A1-F932903DEAAD},2014-06-30 00:00:00,857651804,adventure-works\jun0,,,,,,,,,,,,20,6
111,{14010B0E-C101-4E41-B788-21923399E512},2014-06-30 00:00:00,415823523,adventure-works\suroor0,,,,,,,,,,,,23,25
112,{B6998410-EE0F-4307-9E6E-FE348F11012D},2014-06-30 00:00:00,981597097,adventure-works\john1,,,,,,,,,,,,21,31
113,{FB84759C-B687-43B2-8727-125EFE0F5E13},2014-06-30 00:00:00,54759846,adventure-works\linda0,,,,,,,,,,,,22,17
114,{1D784088-DACB-4185-9F60-3D2DB4925BA5},2014-06-30 00:00:00,342607223,adventure-works\mindaugas0,,,,,,,,,,,,26,7
115,{4958E1C3-C872-4222-954E-09D2060EA7EF},2014-06-30 00:00:00,563680513,adventure-works\angela0,,,,,,,,,,,,23,31
116,{C6EB2566-CF28-4602-9A25-5B91C8728838},2014-06-30 00:00:00,398737566,adventure-works\michael2,,,,,,,,,,,,24,3
117,{83A32D4C-4725-478F-9997-91739BB957BA},2014-06-30 00:00:00,599942664,adventure-works\chad0,,,,,,,,,,,,21,4
118,{E720053D-922E-4C91-B81A-A1CA4EF8BB0E},2014-06-30 00:00:00,222400012,adventure-works\don0,,,,,,,,,,,,20,13
119,{EB27C026-9470-4450-8D5E-1F38A41793B5},2014-06-30 00:00:00,334834274,adventure-works\michael4,,,,,,,,,,,,24,15
120,{49A05524-FA34-45B1-95BC-489901DC5B50},2014-06-30 00:00:00,211789056,adventure-works\kitti0,,,,,,,,,,,,22,6
121,{01BCCE22-D63A-4C3F-9BA8-D3D5A4C3BD52},2014-06-30 00:00:00,521265716,adventure-works\pilar0,,,,,,,,,,,,22,9
122,{923ECFD6-E202-429A-9141-6CB183531439},2014-06-30 00:00:00,586486572,adventure-works\susan0,,,,,,,,,,,,22,17
123,{A8838AB2-99DE-415C-8675-D82EBF1C4752},2014-06-30 00:00:00,337752649,adventure-works\vamsi0,,,,,,,,,,,,22,18
124,{6150F197-7923-40D4-84F2-936207D468AB},2014-06-30 00:00:00,420776180,adventure-works\kim0,,,,,,,,,,,,20,30
125,{54ED63DC-C62C-4CC7-89C2-015DF49C49A5},2014-06-30 00:00:00,584205124,adventure-works\matthias0,,,,,,,,,,,,25,11
126,{96442787-9520-4955-A457-38AFDDB6FF13},2014-06-30 00:00:00,652779496,adventure-works\jimmy0,,,,,,,,,,,,22,4
127,{516538E8-115B-44F4-AA7B-E6C1D9F8ADFC},2014-06-30 00:00:00,750905084,adventure-works\david4,,,,,,,,,,,,22,2
128,{0217049E-1566-42B6-8027-41B751E2B00B},2014-06-30 00:00:00,384162788,adventure-works\paul0,,,,,,,,,,,,21,13
129,{A03D6052-1F85-4EBE-AAC9-B67CFDCD91A6},2014-06-30 00:00:00,502058701,adventure-works\gary0,,,,,,,,,,,,21,16
130,{54FDA597-6822-42B4-B128-63ECA03071F2},2014-06-30 00:00:00,578953538,adventure-works\rob1,,,,,,,,,,,,20,4
131,{232D68BF-DF58-48F9-9235-53BD4B009B4B},2014-06-30 00:00:00,273260055,adventure-works\baris0,,,,,,,,,,,,22,7
132,{15671E3B-016F-41FD-840B-5A9F7D776D9A},2014-06-30 00:00:00,1300049,adventure-works\nicole0,,,,,,,,,,,,23,9
133,{416BF905-7D6C-4692-8FD6-40F6C4F9ECC4},2014-06-30 00:00:00,830150469,adventure-works\michael1,,,,,,,,,,,,24,4
134,{2ABCF39B-88D7-49FA-820A-83D223322BA5},2014-06-30 00:00:00,45615666,adventure-works\eric0,,,,,,,,,,,,21,19
135,{D83A26F3-7EA7-477B-A5BB-7EAADFC13A09},2014-06-30 00:00:00,964089218,adventure-works\ivo0,,,,,,,,,,,,20,3
136,{D9C43D08-3882-4E5C-BDF0-F6BD7004CD04},2014-06-30 00:00:00,701156975,adventure-works\sylvester0,,,,,,,,,,,,26,12
137,{BC18A829-F0CE-4EAF-9785-2D84C86F925A},2014-06-30 00:00:00,63761469,adventure-works\anibal0,,,,,,,,,,,,23,5
138,{1629EDDD-D0AE-4CB9-A59C-3A175F7027E5},2014-06-30 00:00:00,25011600,adventure-works\samantha0,,,,,,,,,,,,25,22
139,{065D8D5F-9504-4FFE-98DC-E69677F19F15},2014-06-30 00:00:00,113393530,adventure-works\hung-fu0,,,,,,,,,,,,24,23
140,{72ED240A-0FD8-4423-8A49-9078BA6BCF6C},2014-06-30 00:00:00,339233463,adventure-works\prasanna0,,,,,,,,,,,,25,30
141,{CC75C35D-1566-43FA-B2E9-D1E508EFDCD1},2014-06-30 00:00:00,872923042,adventure-works\min0,,,,,,,,,,,,20,10
142,{6456CEC3-9B1E-4EBC-9FD8-732B93363F65},2014-06-30 00:00:00,163347032,adventure-works\olinda0,,,,,,,,,,,,23,4
143,{42A506A5-0AC0-4148-B702-BB7B804EF98C},2014-06-30 00:00:00,56772045,adventure-works\krishna0,,,,,,,,,,,,24,5
144,{DC5BA622-B860-41EE-AF92-5FEB4779B589},2014-06-30 00:00:00,886023130,adventure-works\paul1,,,,,,,,,,,,21,4
145,{F9E1DC46-0D03-4A8A-B693-1A964BC13E6C},2014-06-30 00:00:00,386315192,adventure-works\cynthia0,,,,,,,,,,,,24,18
146,{6FFF136A-9664-4EB9-9243-FAC76E21B9DD},2014-06-30 00:00:00,160739235,adventure-works\jianshuo0,,,,,,,,,,,,25,25
147,{F69F3FF9-E1E0-4419-A6BF-F705E1556160},2014-06-30 00:00:00,604664374,adventure-works\sandra0,,,,,,,,,,,,23,5
148,{C16C501D-942D-4EB0-B5C4-EF8119FBEBA2},2014-06-30 00:00:00,733022683,adventure-works\jason0,,,,,,,,,,,,22,7
149,{615A6BFE-3046-4037-9764-238535F725BE},2014-06-30 00:00:00,764853868,adventure-works\andy0,,,,,,,,,,,,21,20
150,{2B0876D4-8996-4E71-A613-BE2E98E7ACCF},2014-06-30 00:00:00,878395493,adventure-works\michael5,,,,,,,,,,,,24,18
151,{00027A8C-C2F8-4A31-ABA8-8A203638B8F1},2014-06-30 00:00:00,993310268,adventure-works\rostislav0,,,,,,,,,,,,26,13
152,{F1A684F4-02DB-4B22-8977-6D8D3A21100E},2014-06-30 00:00:00,319472946,adventure-works\yuhong0,,,,,,,,,,,,23,6
153,{618B71BC-6E8C-492D-8862-B9EFB7A4E06A},2014-06-30 00:00:00,568596888,adventure-works\hanying0,,,,,,,,,,,,24,16
154,{9F01E1FB-B893-40CC-9F5C-AAF89F9B7AF5},2014-06-30 00:00:00,97728960,adventure-works\raymond0,,,,,,,,,,,,24,2
155,{9923376F-26D0-4845-9D99-CC3D696CAEB8},2014-06-30 00:00:00,212801092,adventure-works\fadi0,,,,,,,,,,,,21,15
156,{042427B8-3883-4A87-A6A3-724EE1690F49},2014-06-30 00:00:00,322160340,adventure-works\lane0,,,,,,,,,,,,21,23
157,{F963F913-449E-4EBB-BFDA-FC0C3010DB65},2014-06-30 00:00:00,812797414,adventure-works\linda1,,,,,,,,,,,,22,5
158,{13942056-2930-4490-83CE-AF2386D5A5E7},2014-06-30 00:00:00,300946911,adventure-works\shelley0,,,,,,,,,,,,24,8
159,{4DA76442-5EEF-41FB-AE19-16C55714F9AD},2014-06-30 00:00:00,404159499,adventure-works\terrence0,,,,,,,,,,,,25,8
160,{7C7D459E-1F49-427D-9BD5-DE31880C85DC},2014-06-30 00:00:00,712885347,adventure-works\jeff0,,,,,,,,,,,,21,15
161,{08D25BAA-167B-499C-8B51-31DCC856A8CF},2014-06-30 00:00:00,275962311,adventure-works\kirk0,,,,,,,,,,,,21,6
162,{FCCD65BA-2702-4409-AE56-75AF1710AC78},2014-06-30 00:00:00,514829225,adventure-works\laura0,,,,,,,,,,,,22,25
163,{B96BC9C2-5A25-4A9B-887A-C7C10E47B80C},2014-06-30 00:00:00,377784364,adventure-works\alex0,,,,,,,,,,,,21,13
164,{A2A2CF20-4E5C-45F7-A7BD-1B94F0C3A43A},2014-06-30 00:00:00,65848458,adventure-works\andrew1,,,,,,,,,,,,23,24
165,{300223F3-5587-4230-909B-D9C4AFD6D683},2014-06-30 00:00:00,539490372,adventure-works\chris0,,,,,,,,,,,,22,16
166,{69A47230-70EE-48FD-AC15-C39F3712FF14},2014-06-30 00:00:00,60114406,adventure-works\jack0,,,,,,,,,,,,21,22
167,{ED7EE92E-A9D0-4E3A-8DEE-4B143E459F7E},2014-06-30 00:00:00,498138869,adventure-works\david1,,,,,,,,,,,,22,2
168,{A6F5F72F-AA03-41B7-8B6E-B123BD360753},2014-06-30 00:00:00,271438431,adventure-works\garrett0,,,,,,,,,,,,24,25
169,{F73D75D5-B47B-46EE-AD11-7BF13DD6C55D},2014-06-30 00:00:00,351069889,adventure-works\susan1,,,,,,,,,,,,22,2
170,{01B119A2-2AF3-4775-818E-B421FECB07A7},2014-06-30 00:00:00,476115505,adventure-works\george0,,,,,,,,,,,,23,16
171,{84C358D4-2493-452C-B7D6-B212C893A009},2014-06-30 00:00:00,746373306,adventure-works\david3,,,,,,,,,,,,22,3
172,{1F151ABC-DB4A-431A-8A5D-15F46C5B8FFC},2014-06-30 00:00:00,364818297,adventure-works\marc0,,,,,,,,,,,,21,24
173,{1BA1D374-18AE-48ED-938F-6F5D2EEC4D4D},2014-06-30 00:00:00,87268837,adventure-works\eugene0,,,,,,,,,,,,23,15
174,{F1A6F824-895B-4A0F-AF1B-05FBA703E69F},2014-06-30 00:00:00,585408256,adventure-works\benjamin0,,,,,,,,,,,,25,5
175,{B3967C00-7014-4960-AF15-B1A6D3094F6F},2014-06-30 00:00:00,259388196,adventure-works\reed0,,,,,,,,,,,,21,8
176,{85AFB689-7EAB-41A8-B154-9446195D5BDE},2014-06-30 00:00:00,860123571,adventure-works\david7,,,,,,,,,,,,22,23
177,{D54C7989-2675-4EF3-B392-370A8D264B2B},2014-06-30 00:00:00,551346974,adventure-works\russell1,,,,,,,,,,,,24,11
178,{96C7EAB1-6DEA-4C59-AFD8-923F0E8DE1F6},2014-06-30 00:00:00,568626529,adventure-works\john3,,,,,,,,,,,,21,24
179,{975F827D-BE71-4EB1-8DBF-E6C451D1FAD5},2014-06-30 00:00:00,587567941,adventure-works\jan0,,,,,,,,,,,,20,15
180,{5BE8B211-CBE5-45D8-84FD-23F36A881473},2014-06-30 00:00:00,862951447,adventure-works\katie0,,,,,,,,,,,,22,18
181,{4FD6FE82-535A-4DD1-BEB1-154A8B5E42F0},2014-06-30 00:00:00,545337468,adventure-works\michael0,,,,,,,,,,,,24,17
182,{EBBC6787-3F2D-4F6B-9EA3-4DEF02EF382E},2014-06-30 00:00:00,368920189,adventure-works\nitin0,,,,,,,,,,,,22,1
183,{045C9CBB-3448-4599-9FA9-6C7A9F82F832},2014-06-30 00:00:00,969985265,adventure-works\barbara0,,,,,,,,,,,,24,2
184,{BAB69951-28AD-4BCA-B5AC-032746D0CC6F},2014-06-30 00:00:00,305522471,adventure-works\john2,,,,,,,,,,,,21,5
185,{B9EEBF9F-F694-4BC2-98EC-9B4FB0379EDF},2014-06-30 00:00:00,621932914,adventure-works\stefen0,,,,,,,,,,,,23,21
186,{2625C358-672A-4000-AD67-B8CD3F318285},2014-06-30 00:00:00,551834634,adventure-works\shane0,,,,,,,,,,,,22,24
187,{83C6DABF-FD7D-4F5B-BB22-EB7EEBB9A772},2014-06-30 00:00:00,713403643,adventure-works\yvonne0,,,,,,,,,,,,23,15
188,{1AB0EDEB-7558-4734-8423-5A11B44DCA35},2014-06-30 00:00:00,435234965,adventure-works\douglas0,,,,,,,,,,,,24,24
189,{8261B8CB-BC3F-4BCE-B364-86035D870263},2014-06-30 00:00:00,187369436,adventure-works\janeth0,,,,,,,,,,,,23,24
190,{2203154E-5EBD-4ACA-99BE-D835A3309D03},2014-06-30 00:00:00,456839592,adventure-works\robert0,,,,,,,,,,,,23,28
191,{231B1798-F67B-45C1-9688-265180F93D28},2014-06-30 00:00:00,399658727,adventure-works\lionel0,,,,,,,,,,,,23,14
192,{714D519B-375E-4C5A-8491-C758D00CF95F},2014-06-30 00:00:00,634335025,adventure-works\brenda0,,,,,,,,,,,,23,28
193,{8C7321D2-2C64-4902-9D64-8F5C1EB7F747},2014-06-30 00:00:00,761597760,adventure-works\alejandro0,,,,,,,,,,,,26,5
194,{45358AE8-0B0E-4C11-90BB-DAC3EC0D5C82},2014-06-30 00:00:00,295971920,adventure-works\fred0,,,,,,,,,,,,21,25
195,{DC7E95FF-275E-41C2-8ED3-686864F0540A},2014-06-30 00:00:00,918737118,adventure-works\kevin1,,,,,,,,,,,,22,25
196,{9BEF0C94-7969-4905-9A42-CE469C754800},2014-06-30 00:00:00,370487086,adventure-works\shammi0,,,,,,,,,,,,23,4
197,{ACA7B40C-7AC0-4DAA-B4C7-1051D850D7D9},2014-06-30 00:00:00,632092621,adventure-works\rajesh0,,,,,,,,,,,,23,4
198,{A63966B6-9AD6-40BC-AFD4-A83745879F4D},2014-06-30 00:00:00,19312190,adventure-works\lorraine0,,,,,,,,,,,,25,26
199,{5DD2BE46-204F-4AF3-91F5-5EF082F6D6A6},2014-06-30 00:00:00,992874797,adventure-works\paula1,,,,,,,,,,,,22,10
200,{DD9AD278-ED17-40CF-8619-BAF1BB9D1CF2},2014-06-30 00:00:00,749211824,adventure-works\frank0,,,,,,,,,,,,22,6
201,{18D594A8-B4ED-43C0-9C43-6033FEAADF4E},2014-06-30 00:00:00,746201340,adventure-works\brian0,,,,,,,,,,,,22,10
202,{BB4A3E50-232E-4212-9FAF-E67429FEBC7D},2014-06-30 00:00:00,436757988,adventure-works\tawana0,,,,,,,,,,,,23,10
203,{699C00D8-C4AB-4CD2-A48F-37CBCB5BFCCA},2014-06-30 00:00:00,693168613,adventure-works\ken1,,,,,,,,,,,,20,28
204,{790C9A7C-264C-4D48-A9D3-E2571A8011D8},2014-06-30 00:00:00,440379437,adventure-works\gabe0,,,,,,,,,,,,21,10
205,{23D436FC-08F7-4988-8B4D-490AA4E8B7E7},2014-06-30 00:00:00,332349500,adventure-works\lori0,,,,,,,,,,,,21,18
206,{4F361B4F-7920-4037-9A0A-46D616F9B9C7},2014-06-30 00:00:00,835460180,adventure-works\stuart0,,,,,,,,,,,,23,13
207,{A36B5D6B-72A5-47F8-9F6B-5D922130E760},2014-06-30 00:00:00,687685941,adventure-works\greg0,,,,,,,,,,,,21,18
208,{E35DA50A-BB51-4E08-8B8D-87EF4650247A},2014-06-30 00:00:00,199546871,adventure-works\scott0,,,,,,,,,,,,22,10
209,{25FC84D7-E013-44B8-82CD-63CD4723AF81},2014-06-30 00:00:00,167554340,adventure-works\kathie0,,,,,,,,,,,,23,1
210,{F714B5EC-CA7C-4E6E-A812-2C5A119F4C30},2014-06-30 00:00:00,20244403,adventure-works\belinda0,,,,,,,,,,,,24,17
211,{05C84608-F445-4F9D-BB5C-0828C309C29D},2014-12-26 09:17:08.637000000,398223854,adventure-works\hazem0,,,,,,,,,,,,22,26
212,{E249D613-36C9-4544-9B6F-6CE50E5E0DA5},2014-06-30 00:00:00,885055826,adventure-works\peng0,,,,,,,,,,,,21,18
213,{A3DADF19-27F0-460A-9888-CE6CAA9E3583},2014-06-30 00:00:00,343861179,adventure-works\sootha0,,,,,,,,,,,,23,5
214,{F4DDD64F-DFFE-4DF3-AA17-D6BEA1924818},2014-06-30 00:00:00,131471224,adventure-works\andreas0,,,,,,,,,,,,24,28
215,{6B63EF27-2C55-4F4C-BE29-FCE8B694DC4A},2014-06-30 00:00:00,381772114,adventure-works\mark0,,,,,,,,,,,,21,30
216,{34E128CF-D904-4327-8014-9DF0D5DE7D08},2014-06-30 00:00:00,403414852,adventure-works\sean0,,,,,,,,,,,,21,6
217,{DC60EEED-9F9F-4435-8666-4DE4FAFDE9C3},2014-06-30 00:00:00,345106466,adventure-works\zainal0,,,,,,,,,,,,23,30
218,{C609B3B2-7969-410C-934C-62C34B63C4EE},2014-06-30 00:00:00,540688287,adventure-works\tengiz0,,,,,,,,,,,,23,28
219,{F78657A9-83EF-4B4D-9809-3C4C6D1A7BB4},2014-06-30 00:00:00,242381745,adventure-works\sean1,,,,,,,,,,,,21,12
220,{8A41ED23-7AE2-4C15-AA5D-9496E721F848},2014-06-30 00:00:00,260770918,adventure-works\karen0,,,,,,,,,,,,22,25
221,{45C358FB-9C7F-4D36-8EC7-3D89E9FD07F4},2014-06-30 00:00:00,260805477,adventure-works\chris1,,,,,,,,,,,,22,26
222,{13909262-4136-492F-BCA3-0B0E3773B03E},2014-12-26 09:17:08.637000000,685233686,adventure-works\ascott0,,,,,,,,,,,,23,17
223,{4D36A720-CE32-4C47-866A-DB7844449309},2014-06-30 00:00:00,981495526,adventure-works\sairaj0,,,,,,,,,,,,23,22
224,{1A68CD62-6FE9-4613-90D4-2CD178E4E54A},2014-06-30 00:00:00,621209647,adventure-works\william0,,,,,,,,,,,,24,6
225,{DE321854-B076-4D59-BB7B-42152031B108},2014-06-30 00:00:00,470689086,adventure-works\alan0,,,,,,,,,,,,21,29
226,{DFA02733-C26E-4E31-99D8-9167E4E5131D},2014-06-30 00:00:00,368691270,adventure-works\brian1,,,,,,,,,,,,22,11
227,{62F6EC59-5635-44F3-9CC1-2D8EEAF90A05},2014-06-30 00:00:00,141165819,adventure-works\gary1,,,,,,,,,,,,21,18
228,{4611C7C5-90A0-407F-B054-93BD51533609},2014-06-30 00:00:00,553069203,adventure-works\christian0,,,,,,,,,,,,26,18
229,{929FE187-EE24-4F5F-AF2A-F96324F09423},2014-06-30 00:00:00,879334904,adventure-works\lori1,,,,,,,,,,,,21,31
230,{CC2791E6-7629-49C5-922A-81445AFDF033},2014-06-30 00:00:00,28414965,adventure-works\stuart1,,,,,,,,,,,,23,17
231,{39AF5CCA-9B52-41E5-B510-72901D2578F6},2014-06-30 00:00:00,153479919,adventure-works\jo1,,,,,,,,,,,,19,24
232,{49238447-30EE-4009-993F-0B6C756AB436},2014-06-30 00:00:00,646304055,adventure-works\pat0,,,,,,,,,,,,20,3
233,{0A4BCC09-ACE5-4481-9067-8B9ED70ECA18},2014-06-30 00:00:00,552560652,adventure-works\magnus0,,,,,,,,,,,,23,27
234,{D5E315A6-BD65-4D67-9D5F-81EF5C4EF8A6},2014-06-30 00:00:00,184188301,adventure-works\laura1,,,,,,,,,,,,22,6
235,{65028F15-4149-4DE5-B203-9D7EC86BAF87},2014-06-30 00:00:00,535145551,adventure-works\paula0,,,,,,,,,,,,22,11
236,{4511ABBA-7F34-400E-907B-A663C20E1A41},2014-06-30 00:00:00,476980013,adventure-works\grant0,,,,,,,,,,,,22,16
237,{FD53C4C8-B34E-460F-9EE5-747B07FE98B3},2014-06-30 00:00:00,416679555,adventure-works\hao0,,,,,,,,,,,,20,17
238,{47E76B59-B137-4572-AD55-6B3E68C13BD3},2014-06-30 00:00:00,264306399,adventure-works\vidur0,,,,,,,,,,,,22,1
239,{834D7AB6-06E6-4944-B42F-028CD4BD388E},2014-06-30 00:00:00,619308550,adventure-works\mindy0,,,,,,,,,,,,22,20
240,{A1D86ECC-EA17-4B1B-8369-F1D07AB0A469},2014-06-30 00:00:00,332040978,adventure-works\willis0,,,,,,,,,,,,23,18
241,{2DC9D534-F5D1-4A14-8282-0A2A0EB6FD4D},2014-06-30 00:00:00,30845,adventure-works\david6,,,,,,,,,,,,22,8
242,{09F75454-028C-46CA-BC08-0147BD0220D7},2014-06-30 00:00:00,363923697,adventure-works\deborah0,,,,,,,,,,,,24,6
243,{9E9F713B-707C-4F7E-9504-DE188052A045},2014-06-30 00:00:00,60517918,adventure-works\candy0,,,,,,,,,,,,22,23
244,{CB3E71EC-A381-4716-87DF-D3841AB9795A},2014-06-30 00:00:00,931190412,adventure-works\bryan1,,,,,,,,,,,,22,20
245,{3FFBA84E-8E97-4649-A5E1-859649D83AAE},2014-06-30 00:00:00,363910111,adventure-works\barbara1,,,,,,,,,,,,24,4
246,{51C54D34-064B-44F7-A6B1-7702BD491980},2014-06-30 00:00:00,663843431,adventure-works\dragan0,,,,,,,,,,,,23,14
247,{0C641D77-8675-493F-9947-8C65136559CD},2014-06-30 00:00:00,519756660,adventure-works\janet0,,,,,,,,,,,,22,9
248,{AC35337D-7C75-4DEE-BB11-6564F257FE18},2014-06-30 00:00:00,480951955,adventure-works\mike0,,,,,,,,,,,,21,1
249,{8F410408-4AA8-4D67-886D-530BFE4EBE3B},2014-06-30 00:00:00,121491555,adventure-works\wendy0,,,,,,,,,,,,22,11
250,{7D6B0155-0191-4599-8394-378EBDE63C9A},2014-06-30 00:00:00,895209680,adventure-works\sheela0,,,,,,,,,,,,23,10
251,{D0FD55FF-42FA-491E-8B3B-AB3316018909},2014-06-30 00:00:00,603686790,adventure-works\mikael0,,,,,,,,,,,,23,17
252,{51DE26F0-6ED9-4A70-B689-88EB882674B6},2014-06-30 00:00:00,792847334,adventure-works\arvind0,,,,,,,,,,,,23,21
253,{ED06F9F4-2123-4C44-89D7-E43E1E1ABC2F},2014-06-30 00:00:00,407505660,adventure-works\linda2,,,,,,,,,,,,22,30
254,{36CD6636-C657-4FC7-9BFA-CC1BFA9102A2},2014-06-30 00:00:00,482810518,adventure-works\fukiko0,,,,,,,,,,,,23,24
255,{2CB2D5C3-C437-49B1-9FFD-FAA096F6126F},2014-06-30 00:00:00,466142721,adventure-works\gordon0,,,,,,,,,,,,23,29
256,{0423D8D0-1B14-4718-8C17-85E2F98D222F},2014-06-30 00:00:00,367453993,adventure-works\frank2,,,,,,,,,,,,22,12
257,{A28AB377-06F5-417A-A5E2-59F459088699},2014-06-30 00:00:00,381073001,adventure-works\eric2,,,,,,,,,,,,21,17
258,{B60712A9-50A5-4296-B892-69C4701834B0},2014-06-30 00:00:00,785853949,adventure-works\erin0,,,,,,,,,,,,21,4
259,{B9641CAE-765C-4662-B760-C167A1F2B8B5},2014-06-30 00:00:00,20269531,adventure-works\ben0,,,,,,,,,,,,20,3
260,{9E03395F-4D5D-4A53-880E-174BD8C1DB59},2014-06-30 00:00:00,437296311,adventure-works\annette0,,,,,,,,,,,,24,29
261,{9825EB00-8E36-4506-93A2-6DDCDC0B13C3},2014-06-30 00:00:00,280633567,adventure-works\reinout0,,,,,,,,,,,,24,17
262,{BE81FD77-428C-449F-AB79-48B1CDF53D6A},2014-06-30 00:00:00,231203233,adventure-works\david5,,,,,,,,,,,,22,21
263,{794A0B1F-C46A-401C-984D-008996FC7092},2014-06-30 00:00:00,441044382,adventure-works\jean0,,,,,,,,,,,,21,13
264,{221CBB7B-8BAE-452B-A16F-A67EBB3873C8},2014-06-30 00:00:00,858323870,adventure-works\stephanie0,,,,,,,,,,,,26,25
265,{2E680C1C-7C02-4343-9626-6F97273414C0},2014-06-30 00:00:00,749389530,adventure-works\ashvini0,,,,,,,,,,,,24,27
266,{86601E6A-6955-40FC-BB4A-1053A843CE99},2014-06-30 00:00:00,672243793,adventure-works\peter1,,,,,,,,,,,,22,28
267,{45C3D0F5-3332-419D-AD40-A98996BB5531},2014-06-30 00:00:00,58317344,adventure-works\karen1,,,,,,,,,,,,22,19
268,{BE190269-4003-4D7F-809E-7B3FDC235DA8},2014-06-30 00:00:00,314747499,adventure-works\ramesh0,,,,,,,,,,,,23,13
269,{71B0D010-5AC5-4E91-8EFA-C311C1372A73},2014-06-30 00:00:00,671089628,adventure-works\dan0,,,,,,,,,,,,20,26
270,{0C7F025D-8D56-48EF-86C0-F09DB63D0182},2014-06-30 00:00:00,643805155,adventure-works\françois0,,,,,,,,,,,,25,17
271,{2474E1A9-902D-466C-B0B2-6DCAC927F753},2014-06-30 00:00:00,929666391,adventure-works\dan1,,,,,,,,,,,,20,6
272,{241535C7-7A31-4A6A-9E0D-A83C30C2EDDA},2014-06-30 00:00:00,525932996,adventure-works\janaina0,,,,,,,,,,,,24,30
273,{F3EC557C-8B41-4EE6-BB0C-E3B93AFF81E5},2014-06-30 00:00:00,112432117,adventure-works\brian3,,,,,,,,,,,,22,6
274,{86D5FA9E-4BC0-48C8-91DC-1EC467418D11},2014-06-30 00:00:00,502097814,adventure-works\stephen0,,,,,,,,,,,,24,17
275,{E19F8DE2-0F40-418C-84A2-DB48B98DC6A2},2014-06-30 00:00:00,841560125,adventure-works\michael9,,,,,,,,,,,,24,25
276,{4509F387-D73A-43DC-A502-B1C27AA1DC9E},2014-06-30 00:00:00,191644724,adventure-works\linda3,,,,,,,,,,,,22,27
277,{A011C97B-081C-4739-996F-C1CAC4532F8D},2014-06-30 00:00:00,615389812,adventure-works\jillian0,,,,,,,,,,,,24,29
278,{50EECC16-0D0D-43A9-9649-016C06DE8D78},2014-06-30 00:00:00,234474252,adventure-works\garrett1,,,,,,,,,,,,24,4
279,{BB510FCE-0105-4306-B591-6450D9EBF401},2014-06-30 00:00:00,716374314,adventure-works\tsvi0,,,,,,,,,,,,21,18
280,{7627B9D6-0707-4706-9AD9-0D37506B08AE},2014-06-30 00:00:00,61161660,adventure-works\pamela0,,,,,,,,,,,,23,6
281,{4103C891-37E8-4DFC-AEAC-B55E2BC1BE1C},2014-06-30 00:00:00,139397894,adventure-works\shu0,,,,,,,,,,,,20,9
282,{FD3992FB-3067-451D-A09D-73BD53C0FECA},2014-06-30 00:00:00,399771412,adventure-works\josé1,,,,,,,,,,,,21,11
283,{1E8F9E91-508F-4D49-ACD2-775C836030ED},2014-06-30 00:00:00,987554265,adventure-works\david8,,,,,,,,,,,,22,11
284,{0C67CE00-DE78-4712-908F-06939A2C58D5},2014-06-30 00:00:00,90836195,adventure-works\tete0,,,,,,,,,,,,21,5
285,{86F292DB-B73C-429D-9912-800994D809FB},2014-06-30 00:00:00,481044938,adventure-works\syed0,,,,,,,,,,,,21,11
286,{4A9A8407-A680-4A6B-8D03-511CB58F9A8A},2014-06-30 00:00:00,758596752,adventure-works\lynn0,,,,,,,,,,,,21,14
287,{66D66445-EE78-4676-9E66-0E22D6109A92},2014-06-30 00:00:00,982310417,adventure-works\amy0,,,,,,,,,,,,20,20
288,{B9BF7741-E0CA-4F37-ACDE-A4F78C6D03E9},2014-06-30 00:00:00,954276278,adventure-works\rachel0,,,,,,,,,,,,23,9
289,{723A5921-D8A1-4659-9BC4-13C4CF7C9C91},2014-06-30 00:00:00,668991357,adventure-works\jae0,,,,,,,,,,,,20,17
290,{604213F9-DD0F-43B4-BDD2-C96E93D3F4BF},2014-06-30 00:00:00,134219713,adventure-works\ranjit0,,,,,,,,,,,,23,30
